annee,15_24,25_34,35_44,45_plus,ensemble
2025,37.2,20.9,7.2,3.6,13.0
2024,36.7,21.0,7.6,4.0,13.3
2023,35.8,20.6,7.4,3.7,13.0
2022,32.7,19.2,6.4,3.3,11.8
2021,31.8,19.6,7.0,3.8,12.3
2020,31.2,18.5,6.9,4.0,11.9
2019,24.9,15.1,4.5,2.1,9.2
2018,26.0,15.1,4.7,2.4,9.8
2017,26.5,15.4,5.1,2.5,10.2
2016,22.5,13.5,4.8,2.7,9.4
2015,20.8,13.9,5.5,3.0,9.7
2014,20.1,13.9,6.1,3.0,9.9
2013,19.3,13.2,5.6,2.3,9.2
2012,18.6,13.2,5.0,1.9,9.0
2011,17.9,12.9,5.2,1.8,8.9
2010,17.6,12.8,5.4,2.1,9.1
2009,17.9,12.7,5.4,1.9,9.1
2008,18.3,13.5,5.2,2.0,9.6
2007,17.2,14.4,5.9,2.0,9.8
2006,16.6,14.0,6.0,2.3,9.7
2005,17.0,16.8,6.5,1.5,11.1
2004,16.7,16.5,6.7,2.2,10.8
2003,16.4,17.7,7.0,2.5,11.5
2002,17.1,17.3,6.1,2.1,11.3
2001,18.5,18.9,6.4,2.2,12.3
2000,19.6,20.5,7.3,2.6,13.4
1999,20.3,20.7,7.4,2.9,13.8
